episode,total_timesteps,seed,curriculum_level,length,return,outcome,success,collision,timeout,initial_distance_m,final_distance_m,minimum_clearance_m,start_room,goal_room,reset_attempt
983,218942,10986,2,479,89.57435914463846,success,1,0,0,10.585304487170788,0.24967030621882644,0.38571736216545105,office,laboratory,1
984,219056,10987,2,114,-14.087077531566301,collision,0,1,0,3.622387918627605,2.623987081717932,0.21411004662513733,meeting,laboratory,1
985,219309,10988,2,253,53.004175276211555,success,1,0,0,5.525443620383555,0.22874980644294748,0.25737643241882324,meeting,office,1
986,219556,10989,2,247,60.21715151066169,success,1,0,0,5.591531621843778,0.23506053798612409,0.9530993700027466,meeting,laboratory,1
987,220000,10990,2,444,75.6530004399612,success,1,0,0,3.325372306281915,0.2473229544639523,0.3566240072250366,office,meeting,1
988,220536,10991,2,536,85.24071467743366,success,1,0,0,10.075621370734973,0.24616720519872037,0.3366791605949402,laboratory,office,1
989,221034,10992,2,498,95.79678910718599,success,1,0,0,10.79630530250658,0.23859963620338315,0.7457789182662964,office,laboratory,1
990,221245,10993,2,211,52.88971676205835,success,1,0,0,4.182760644155684,0.24955149085235478,0.7948408126831055,meeting,office,1
991,221650,10994,2,405,55.36164146624968,success,1,0,0,4.98631048229977,0.23869026284574635,0.22662287950515747,meeting,office,1
992,222141,10995,2,491,88.9310229580675,success,1,0,0,8.57996967013356,0.23348882465092236,0.4045443832874298,laboratory,office,1
993,222194,10996,2,53,-23.436405688479944,collision,0,1,0,3.1558696017682406,2.7486158950229784,0.21528366208076477,laboratory,meeting,1
994,222887,10998,2,554,84.0414976946887,success,1,0,0,11.1322538713005,0.24500845286170064,0.273951917886734,office,laboratory,1
995,223257,11000,2,265,62.08075861688893,success,1,0,0,5.088689161373009,0.23174594513360544,0.870787501335144,meeting,laboratory,1
996,223315,11001,2,58,-19.682366867275014,collision,0,1,0,8.30298730685128,7.039967572183795,0.21788012981414795,meeting,laboratory,1
997,223484,11002,2,169,46.699947181267135,success,1,0,0,3.4006490145013357,0.2354568663807451,0.8665274381637573,meeting,office,1
998,223809,11003,2,325,65.90294526108926,success,1,0,0,5.832794393314729,0.2499540727010895,0.39260101318359375,meeting,laboratory,1
999,224240,11004,2,431,77.08318051059179,success,1,0,0,8.911180388781538,0.24529789520636067,0.2508377432823181,laboratory,office,1
1000,224616,11005,2,376,82.02938217676808,success,1,0,0,8.528539262968465,0.24781775012408225,0.6100561022758484,office,laboratory,1
1001,225183,11006,2,567,87.35924485087111,success,1,0,0,8.606493273007143,0.23939553207944025,0.2652999460697174,office,laboratory,1
1002,225460,11007,2,277,66.07885744156528,success,1,0,0,6.803406302302662,0.24687520088678835,0.5475083589553833,meeting,office,1
1003,225789,11008,2,329,52.83033320958433,success,1,0,0,6.5221538635666,0.2297565458498026,0.23346219956874847,laboratory,meeting,1
1004,225863,11009,2,74,-18.751674727699115,collision,0,1,0,5.408887369116652,4.044382420461432,0.20565417408943176,office,meeting,1
1005,226071,11010,2,208,56.13900997069206,success,1,0,0,5.3703541125172825,0.2488482323866387,0.8624123930931091,meeting,laboratory,1
1006,226390,11011,2,319,76.60164170029226,success,1,0,0,7.802509986830188,0.232337923532502,0.6627286672592163,office,laboratory,1
1007,226881,11012,2,491,75.21835056255284,success,1,0,0,9.737322532496824,0.2413287618545541,0.2875494956970215,meeting,laboratory,1
1008,226977,11013,2,96,-17.945226141850863,collision,0,1,0,9.850684503847004,8.267810317495499,0.21821139752864838,laboratory,office,1
1009,227240,11014,2,263,60.40812850135197,success,1,0,0,6.506430008825913,0.2471756296628083,0.7242124676704407,office,meeting,1
1010,227663,11015,2,423,72.44713495842198,success,1,0,0,9.84714593160221,0.23981994483873145,0.22448450326919556,meeting,laboratory,1
1011,227980,11016,2,317,74.12304098016735,success,1,0,0,7.949977702691824,0.2415418725158039,0.8633034229278564,office,laboratory,1
1012,228366,11017,2,386,64.02991199186653,success,1,0,0,7.603025990847865,0.24869526899292607,0.3596452474594116,meeting,office,1
1013,228793,11018,2,427,82.49367980493875,success,1,0,0,7.398666655382529,0.24828082897347184,0.6842482686042786,laboratory,office,1
1014,229153,11019,2,360,51.57587304928657,success,1,0,0,5.887560794448148,0.24825245689513398,0.2574039697647095,office,meeting,1
1015,229299,11020,2,146,46.16394256247699,success,1,0,0,3.3667052330026723,0.23714637670140237,0.8436709046363831,laboratory,meeting,1
1016,229506,11021,2,207,54.86246951647237,success,1,0,0,4.548178782627805,0.22771174696991858,0.4903019666671753,laboratory,meeting,1
1017,229714,11022,2,208,50.510815968134494,success,1,0,0,4.279227527243695,0.23075175613242765,0.7922901511192322,office,meeting,1
1018,230316,11023,2,602,89.95969501374249,success,1,0,0,10.098967534365492,0.24461408213377397,0.3751232326030731,laboratory,office,1
1019,230826,11024,2,510,93.93687130449848,success,1,0,0,10.881262363750192,0.2495062700817739,0.42209547758102417,laboratory,office,1
1020,231185,11025,2,359,64.10465916068783,success,1,0,0,7.656400691063617,0.20955335925870436,0.2407214343547821,meeting,office,1
1021,231445,11026,2,260,60.27574787418528,success,1,0,0,3.9164840089414854,0.24633443838517963,0.6277875900268555,meeting,laboratory,1
1022,231722,11027,2,277,57.60282726352497,success,1,0,0,6.015122852690022,0.24950233456102322,0.3479645550251007,meeting,laboratory,1
1023,232251,11028,2,529,96.87648600741151,success,1,0,0,11.787840192594516,0.24790278979385233,0.8437346816062927,laboratory,office,1
1024,232934,11029,2,683,104.75002696286656,success,1,0,0,12.364701905015217,0.23802066272801395,0.3250395357608795,office,laboratory,1
1025,233137,11030,2,203,51.35095510272512,success,1,0,0,3.21846808119837,0.22355788086825806,0.6717509031295776,office,meeting,1
1026,233464,11031,2,327,64.20282603000074,success,1,0,0,7.666083604663423,0.23806267896009706,0.2789812982082367,meeting,office,1
1027,233507,11032,2,43,-21.88608025497996,collision,0,1,0,6.857817724924436,6.018526429086651,0.2154655158519745,meeting,office,1
1028,234033,11033,2,526,86.83793358331363,success,1,0,0,10.571736186573242,0.24017286371467725,0.308843731880188,office,laboratory,1
1029,234302,11034,2,269,61.807053419490785,success,1,0,0,6.1595491819493216,0.24653833316356824,0.7696895003318787,meeting,laboratory,1
1030,234500,11035,2,198,53.355102256756666,success,1,0,0,4.920322352173193,0.23314198875272782,0.6732984781265259,laboratory,meeting,1
1031,234788,11036,2,288,57.745001064750056,success,1,0,0,5.769997861770018,0.2470968272978126,0.9310126900672913,meeting,office,1
1032,235105,11037,2,317,64.05366484118272,success,1,0,0,6.652481196561993,0.2336480377167913,0.31375136971473694,meeting,laboratory,1
1033,235524,11038,2,419,72.90513636463203,success,1,0,0,8.954425742329423,0.23328449251603636,0.3535083532333374,meeting,laboratory,1
1034,235909,11039,2,385,73.72885967444567,success,1,0,0,8.86710837901173,0.2396643302053846,0.41156211495399475,meeting,laboratory,1
1035,236194,11040,2,285,51.67234415613656,success,1,0,0,4.7219797491705995,0.2381805176271056,0.2621806561946869,office,meeting,1
1036,236477,11041,2,283,59.12048376830482,success,1,0,0,5.1843939285142655,0.2443538430083959,0.28197282552719116,meeting,laboratory,1
1037,236842,11042,2,365,-6.6742453507625115,collision,0,1,0,5.655772653826378,1.6069551435723077,0.20823433995246887,laboratory,meeting,1
1038,236894,11043,2,52,-25.832433225936988,collision,0,1,0,4.217199473470559,3.9213366848011897,0.20966681838035583,laboratory,meeting,1
1039,237199,11044,2,305,66.62498620168225,success,1,0,0,4.6930989875721885,0.24234638149232768,0.6999197602272034,meeting,office,1
1040,237380,11045,2,181,49.91256136547577,success,1,0,0,4.352541297125086,0.24166624829199504,0.24031682312488556,office,meeting,1
1041,237813,11046,2,433,81.68364424800701,success,1,0,0,9.748942708463924,0.2491687421316563,0.5403924584388733,laboratory,office,1
1042,238017,11047,2,204,56.174463143742024,success,1,0,0,4.074931788554359,0.23364946602562717,0.5339279770851135,office,meeting,1
1043,238224,11048,2,207,53.546663716257385,success,1,0,0,3.3462274566417225,0.2438778823879644,0.510930061340332,office,meeting,1
1044,238487,11049,2,263,62.303761348378266,success,1,0,0,4.779813701045617,0.24372300622698273,0.6463487148284912,meeting,laboratory,1
1045,238722,11050,2,235,47.333050836866406,success,1,0,0,3.841926678397466,0.23562382346755145,0.3882388472557068,meeting,office,1
1046,239024,11051,2,302,61.27316470185188,success,1,0,0,5.883628238008182,0.248741423649104,0.6295722723007202,meeting,office,1
1047,239468,11052,2,444,87.76964765197543,success,1,0,0,9.849457694634777,0.24265379239231785,0.34883004426956177,laboratory,office,1
1048,240037,11053,2,569,2.677771212869608,collision,0,1,0,6.218275893565127,1.1108432531442682,0.20414966344833374,laboratory,meeting,1
1049,240081,11054,2,44,-21.66809806236511,collision,0,1,0,4.015222361892754,3.877660036895788,0.20586995780467987,office,meeting,1
1050,240174,11055,2,93,-14.764843921078832,collision,0,1,0,9.064900530144731,7.588344375548779,0.21648694574832916,laboratory,office,1
1051,240356,11056,2,182,53.918289071787605,success,1,0,0,4.756025148079576,0.2314321093357119,0.7675696611404419,meeting,office,1
1052,240441,11057,2,85,-17.388978103514326,collision,0,1,0,8.729314975417065,6.6601111899458605,0.21526072919368744,meeting,office,1
1053,240728,11058,2,287,59.1007535287892,success,1,0,0,5.398132343471686,0.23728410452079812,0.2742740511894226,meeting,laboratory,1
1054,241089,11059,2,361,79.95363349744392,success,1,0,0,8.571707596280083,0.2217932836429632,0.6395531296730042,laboratory,office,1
1055,241376,11060,2,287,52.613950731758045,success,1,0,0,6.222447897380393,0.23885936530606378,0.22696790099143982,office,meeting,1
1056,241687,11061,2,311,56.045280739003154,success,1,0,0,4.445759316507068,0.2489983964731891,0.23613241314888,meeting,laboratory,1
1057,241711,11062,2,24,-23.38771638312795,collision,0,1,0,5.638143047838292,5.0438971686256435,0.20159383118152618,meeting,laboratory,1
1058,241956,11063,2,245,58.40839492775951,success,1,0,0,3.9891262767627196,0.2345834661391214,0.39270758628845215,laboratory,meeting,1
1059,242182,11064,2,226,51.05577145377211,success,1,0,0,3.058229907524533,0.2315342745181363,0.6389278173446655,meeting,office,1
1060,242359,11065,2,177,50.343140498149694,success,1,0,0,3.9725904852217124,0.2408828495045621,0.5029953718185425,meeting,laboratory,1
1061,242620,11066,2,261,61.80593559449511,success,1,0,0,4.601220663706371,0.23952393170687103,0.5844192504882812,meeting,laboratory,1
1062,243058,11067,2,438,79.35930905986706,success,1,0,0,7.224196897637437,0.24243130703380938,0.277220219373703,laboratory,office,1
1063,243414,11068,2,356,61.199805601786494,success,1,0,0,5.02000535955507,0.2377981137633646,0.43292468786239624,meeting,laboratory,1
1064,243674,11069,2,260,52.857033072223516,success,1,0,0,4.98061733665538,0.2421197513328716,0.4770810306072235,meeting,laboratory,1
1065,244009,11070,2,335,78.27495399609313,success,1,0,0,7.7227932135713235,0.24642109461392414,0.6924723386764526,office,laboratory,1
1066,244559,11071,2,550,96.71135793360838,success,1,0,0,11.037896036980154,0.2405100845920513,0.4323790669441223,laboratory,office,1
1067,244966,11072,2,407,23.54049679605143,collision,0,1,0,7.916693991699196,1.7840897582616457,0.21366089582443237,laboratory,office,1
1068,245196,11073,2,230,56.909873698586,success,1,0,0,5.028953213300982,0.2307434825194228,0.42442238330841064,meeting,office,1
1069,245455,11074,2,259,59.83774760369501,success,1,0,0,6.117984155158907,0.23594848815385985,0.8362438678741455,meeting,laboratory,1
1070,245686,11075,2,231,50.88150545989632,success,1,0,0,3.181934240073872,0.2412277946793814,0.7095399498939514,meeting,office,1
1071,246000,11076,2,314,59.99023538874692,success,1,0,0,6.420495807968317,0.23960492639990735,0.28546053171157837,meeting,office,1
1072,246318,11077,2,318,64.54854701156523,success,1,0,0,4.614517455999432,0.22361544164682423,0.468850314617157,meeting,office,1
1073,246677,11078,2,359,66.49782074691188,success,1,0,0,4.184917591487142,0.24069942938096342,0.22521553933620453,meeting,laboratory,1
1074,247065,11079,2,388,62.760662481515986,success,1,0,0,5.217019493300981,0.246952489985068,0.3212663233280182,meeting,office,1
1075,247605,11080,2,540,96.73225536324449,success,1,0,0,10.048691745987233,0.24221791850762747,0.640332818031311,office,laboratory,1
1076,247929,11081,2,324,63.30686401181788,success,1,0,0,6.863352576247391,0.2442116197800473,0.36487507820129395,office,meeting,1
1077,248375,11082,2,446,35.871739259290806,collision,0,1,0,11.48902198524561,1.8112802764340274,0.21969370543956757,laboratory,office,1
1078,248508,11083,2,133,48.11412437245328,success,1,0,0,3.8569987372456507,0.2269176695842094,0.5813183188438416,office,meeting,1
1079,248763,11084,2,255,60.72331320275412,success,1,0,0,6.316974084995246,0.24346285853280014,0.3597727119922638,meeting,office,1
1080,249106,11085,2,343,61.74500948745424,success,1,0,0,7.567443901472642,0.23439835530857023,0.3490283191204071,office,meeting,1
1081,249327,11086,2,221,58.77422590310398,success,1,0,0,5.494948524337405,0.2436314234059916,0.5708491206169128,laboratory,meeting,1
1082,249814,11087,2,487,92.11509686659033,success,1,0,0,6.728228421063716,0.2489809688097373,0.41915610432624817,laboratory,office,1
1083,250215,11088,2,401,60.023223658232084,success,1,0,0,5.475978659679017,0.246230905168547,0.38890162110328674,laboratory,meeting,1
1084,250429,11089,2,214,57.56379304364117,success,1,0,0,5.572781226985778,0.23807653744202945,0.6248974204063416,meeting,office,1
1085,250718,11090,2,289,67.4249510364414,success,1,0,0,5.2653270126111025,0.22911498811972877,0.484592080116272,meeting,laboratory,1
1086,250764,11091,2,46,-23.073228152682354,collision,0,1,0,11.464175920338683,10.964147124751854,0.21891264617443085,office,laboratory,1
1087,250808,11092,2,44,-22.802778910034135,collision,0,1,0,13.330914826387874,12.599006628701607,0.21120791137218475,office,laboratory,1
1088,251035,11093,2,227,60.161215664389374,success,1,0,0,5.882181893884897,0.24285463052121936,0.7316579818725586,office,meeting,1
1089,251461,11094,2,426,71.22839926140128,success,1,0,0,8.905559773525315,0.23343049078202235,0.23532989621162415,office,laboratory,1
1090,251794,11095,2,333,58.919124514887315,success,1,0,0,5.581360533416821,0.22989050589876112,0.7751151323318481,meeting,office,1
1091,251979,11096,2,185,49.48452248606614,success,1,0,0,3.988909954989524,0.23877030816922026,0.6138808131217957,laboratory,meeting,1
1092,252177,11097,2,198,53.479770226482984,success,1,0,0,3.2042326151919496,0.23463454398631783,0.5186747312545776,office,meeting,1
1093,252391,11098,2,214,1.299420061434148,collision,0,1,0,9.469162460575474,5.326567499026778,0.21452941000461578,laboratory,office,1
1094,252922,11099,2,531,38.47417951344962,collision,0,1,0,9.2983745283943,1.3196854239518603,0.206975519657135,office,laboratory,1
1095,253228,11100,2,306,8.972420489412883,collision,0,1,0,8.314651886286288,1.853805219034048,0.2171965092420578,meeting,office,1
1096,253771,11101,2,543,56.971077938089756,success,1,0,0,5.702002422898177,0.23810938079096713,0.505357027053833,laboratory,meeting,1
1097,254046,11102,2,275,64.44138618933178,success,1,0,0,4.5739777432569655,0.23384540203645338,0.803864061832428,meeting,laboratory,1
1098,254509,11103,2,463,81.59227505173844,success,1,0,0,7.5603002276357945,0.22586514687454345,0.5549978613853455,office,laboratory,1
1099,254625,11104,2,116,-12.628636369920605,collision,0,1,0,8.251496461836126,7.601066220124114,0.21450483798980713,laboratory,office,1
1100,254884,11105,2,259,62.43742367900485,success,1,0,0,6.322043616605057,0.23449932159905815,0.5542582273483276,meeting,office,1
1101,255168,11106,2,284,62.45265327994504,success,1,0,0,6.237720371506299,0.24373565271900038,0.5619431734085083,laboratory,meeting,1
1102,255522,11107,2,354,81.58819204030559,success,1,0,0,8.149461650082579,0.22295265226659866,0.47522130608558655,laboratory,office,1
1103,255673,11108,2,151,-3.7694969776898155,collision,0,1,0,5.626291852859186,3.3575089696774456,0.20945732295513153,office,meeting,1
1104,255759,11109,2,86,-19.748434587294852,collision,0,1,0,7.154667091143741,5.747584392620355,0.2061905562877655,meeting,office,1
1105,256000,11110,2,241,11.243902924051135,collision,0,1,0,12.914097481302765,7.040554712059119,0.21858878433704376,office,laboratory,1
1106,256456,11111,2,456,92.09826601838924,success,1,0,0,11.157880703186645,0.24070929217089443,0.5178221464157104,laboratory,office,1
1107,256790,11112,2,334,64.7221990026739,success,1,0,0,2.9713260086054447,0.2448622597731592,0.34775274991989136,office,meeting,1
1108,257010,11113,2,220,58.21562558771253,success,1,0,0,5.4773342065733965,0.2436216731038486,0.8833000063896179,meeting,laboratory,1
1109,257295,11114,2,285,62.34172727117568,success,1,0,0,5.709396349419271,0.2466676519374847,0.37963366508483887,office,meeting,1
1110,257471,11115,2,176,52.01945297669435,success,1,0,0,4.615528525784405,0.24220766776500044,0.9035463929176331,laboratory,meeting,1
1111,257703,11116,2,232,50.42195855084583,success,1,0,0,4.568702853561499,0.24456694510651056,0.28781113028526306,meeting,laboratory,1
1112,257964,11117,2,261,61.158709185287066,success,1,0,0,6.379590852907266,0.23604208718461012,0.7042062878608704,laboratory,meeting,1
1113,258228,11118,2,264,60.475713901833004,success,1,0,0,5.544869282136089,0.24514287040765725,0.7931606769561768,meeting,laboratory,1
1114,258516,11119,2,288,71.55453182668668,success,1,0,0,6.234742179561772,0.23828348969787091,0.4358435273170471,laboratory,office,1
1115,258991,11120,2,475,73.31524096048403,success,1,0,0,9.261416432097125,0.24061593832350162,0.32995811104774475,meeting,laboratory,1
1116,259331,11121,2,340,71.13187114505985,success,1,0,0,8.451464679817866,0.24267882034441984,0.38637590408325195,meeting,office,1
1117,259616,11122,2,285,46.57831110662556,success,1,0,0,4.768665788753748,0.2204490084786644,0.3630180060863495,office,meeting,1
1118,260025,11123,2,409,82.50700028571889,success,1,0,0,10.50887341895246,0.24460244482285154,0.24053794145584106,laboratory,office,1
1119,260484,11124,2,459,84.44853258073326,success,1,0,0,10.311313913299674,0.24635518753084204,0.5689659714698792,laboratory,office,1
1120,260693,11125,2,209,55.40339065513643,success,1,0,0,4.277968082832874,0.23079862246329935,0.5772350430488586,meeting,laboratory,1
1121,260945,11126,2,252,59.34855688012344,success,1,0,0,5.9805330021229,0.23772021792208964,0.5307386517524719,laboratory,meeting,1
1122,261327,11127,2,382,41.313580933672796,success,1,0,0,3.317907360507033,0.24258202681450938,0.23337985575199127,meeting,office,1
1123,261589,11128,2,262,61.08168197937213,success,1,0,0,5.969771472167291,0.24133375318311823,0.7878164052963257,meeting,office,1
1124,261837,11129,2,248,63.542526258088074,success,1,0,0,6.7610657338215345,0.2271509480385977,0.5873575210571289,office,meeting,1
1125,261882,11130,2,45,-23.27523298948624,collision,0,1,0,8.22205769840197,7.460766837352026,0.21770647168159485,meeting,laboratory,1
1126,262233,11131,2,351,78.2685524703762,success,1,0,0,8.705642246631527,0.24778557701187237,0.6962264776229858,laboratory,office,1
1127,262315,11132,2,82,-15.52491458225563,collision,0,1,0,13.878880637096112,11.865923590051894,0.21854333579540253,laboratory,office,1
1128,262416,11133,2,101,-13.26476920341071,collision,0,1,0,7.716782394784575,5.4950430242064465,0.21228352189064026,meeting,office,1
1129,262775,11134,2,359,71.05521469678584,success,1,0,0,8.077510703566416,0.24360242370535265,0.8619632720947266,meeting,laboratory,1
1130,262999,11135,2,224,59.405930913897606,success,1,0,0,5.838165377620158,0.2240538281095616,0.8322291970252991,office,meeting,1
